SENSOR,PROD,ALG,YEAR,SUBAREA_NAME,TOTAL_PIXEL_AREA_KM2,N_MONTHS,ANNUAL_MEAN,ANNUAL_SUM,ANNUAL_MTON,ANNUAL_TTON,NC_NAME,TITLE,ID,HISTORY,SUMMARY,KEYWORDS,MAP,RESOLUTION,PERIOD_NAME,PERIOD_METHOD,CLIM_BOUNDS,CLIM_METHOD,CLIM_START,CLIM_END,TIME_UNITS,TIME_ORIGIN,DURATION,IOOS_CATEGORY,STATISTIC_LABEL,LEVEL,PROD$2,PROD_NAME,ALG$2,ALG_NAME,ALG_REFERENCE,UNITS,SENSOR_NAME,PLATFORM,PLATFORM_TYPE,SHORT_NAME,CONTRIBUTOR_NAME,CONTRIBUTOR_ROLE,SOURCE_DATA_URL,SOURCE_DATA_DOI,SOURCE_DATA_LEVEL,SOURCE_DATA_VERSION,SOURCE_DATA_ACCESS_DATE,PERIOD_CODE,TIME,,,
OCCCI,PPD,VGPM2,1998,GB,95351.43,12,0.6013024,2.18341E+13,21834146.8,21834.1468,,Monthly range PPD data (Vertically Generalized Production Model - Eppley) from the OC-CCI dataset,,,,,,,Monthly range,,,,,,seconds since 1970-01-01T00:00:00Z,1970-01-01T00:00:00Z,12 months,Productivity,,,PPD,daily primary production,VGPM2,Vertically Generalized Production Model - Eppley,"Behrenfeld_M. J. and P. G. Falkowski (1997). ""Photosynthetic rates derived from satellite-based chlorophyll concentration."" Limnology and Oceanography 42(1): 1-20; Eppley_R. W. (1972). ""Temperature and phytoplankton growth in the sea."" Fishery Bulletin 70(4): 1063-1085.",gcarbon/m^2/day,Ocean Color Climate Change Initiative,SeaWiFS-OrbView2, MERIS-ENVISAT, MODIS-Aqua, VIIRS-SNPP,dataset,OC-CCI,Ocean Colour Climate Change Initiative,Source of the level 3 merged data,http://www.esa-oceancolour-cci.org/,NA,L3,V6.0,20221101-20221105,MM,1672531200
OCCCI,PPD,VGPM2,1999,GB,95351.43,12,0.6497362,2.40958E+13,24095750.85,24095.75085,,Monthly range PPD data (Vertically Generalized Production Model - Eppley) from the OC-CCI dataset,,,,,,,Monthly range,,,,,,seconds since 1970-01-01T00:00:00Z,1970-01-01T00:00:00Z,12 months,Productivity,,,PPD,daily primary production,VGPM2,Vertically Generalized Production Model - Eppley,"Behrenfeld_M. J. and P. G. Falkowski (1997). ""Photosynthetic rates derived from satellite-based chlorophyll concentration."" Limnology and Oceanography 42(1): 1-20; Eppley_R. W. (1972). ""Temperature and phytoplankton growth in the sea."" Fishery Bulletin 70(4): 1063-1085.",gcarbon/m^2/day,Ocean Color Climate Change Initiative,SeaWiFS-OrbView2, MERIS-ENVISAT, MODIS-Aqua, VIIRS-SNPP,dataset,OC-CCI,Ocean Colour Climate Change Initiative,Source of the level 3 merged data,http://www.esa-oceancolour-cci.org/,NA,L3,V6.0,20221101-20221105,MM,1672531200
OCCCI,PPD,VGPM2,2000,GB,95351.43,12,0.6684075,2.4519E+13,24518966.64,24518.96664,,Monthly range PPD data (Vertically Generalized Production Model - Eppley) from the OC-CCI dataset,,,,,,,Monthly range,,,,,,seconds since 1970-01-01T00:00:00Z,1970-01-01T00:00:00Z,12 months,Productivity,,,PPD,daily primary production,VGPM2,Vertically Generalized Production Model - Eppley,"Behrenfeld_M. J. and P. G. Falkowski (1997). ""Photosynthetic rates derived from satellite-based chlorophyll concentration."" Limnology and Oceanography 42(1): 1-20; Eppley_R. W. (1972). ""Temperature and phytoplankton growth in the sea."" Fishery Bulletin 70(4): 1063-1085.",gcarbon/m^2/day,Ocean Color Climate Change Initiative,SeaWiFS-OrbView2, MERIS-ENVISAT, MODIS-Aqua, VIIRS-SNPP,dataset,OC-CCI,Ocean Colour Climate Change Initiative,Source of the level 3 merged data,http://www.esa-oceancolour-cci.org/,NA,L3,V6.0,20221101-20221105,MM,1672531200
OCCCI,PPD,VGPM2,2001,GB,95351.43,12,0.6299626,2.30381E+13,23038064.59,23038.06459,,Monthly range PPD data (Vertically Generalized Production Model - Eppley) from the OC-CCI dataset,,,,,,,Monthly range,,,,,,seconds since 1970-01-01T00:00:00Z,1970-01-01T00:00:00Z,12 months,Productivity,,,PPD,daily primary production,VGPM2,Vertically Generalized Production Model - Eppley,"Behrenfeld_M. J. and P. G. Falkowski (1997). ""Photosynthetic rates derived from satellite-based chlorophyll concentration."" Limnology and Oceanography 42(1): 1-20; Eppley_R. W. (1972). ""Temperature and phytoplankton growth in the sea."" Fishery Bulletin 70(4): 1063-1085.",gcarbon/m^2/day,Ocean Color Climate Change Initiative,SeaWiFS-OrbView2, MERIS-ENVISAT, MODIS-Aqua, VIIRS-SNPP,dataset,OC-CCI,Ocean Colour Climate Change Initiative,Source of the level 3 merged data,http://www.esa-oceancolour-cci.org/,NA,L3,V6.0,20221101-20221105,MM,1672531200
OCCCI,PPD,VGPM2,2002,GB,95351.43,12,0.6572635,2.45084E+13,24508442.48,24508.44248,,Monthly range PPD data (Vertically Generalized Production Model - Eppley) from the OC-CCI dataset,,,,,,,Monthly range,,,,,,seconds since 1970-01-01T00:00:00Z,1970-01-01T00:00:00Z,12 months,Productivity,,,PPD,daily primary production,VGPM2,Vertically Generalized Production Model - Eppley,"Behrenfeld_M. J. and P. G. Falkowski (1997). ""Photosynthetic rates derived from satellite-based chlorophyll concentration."" Limnology and Oceanography 42(1): 1-20; Eppley_R. W. (1972). ""Temperature and phytoplankton growth in the sea."" Fishery Bulletin 70(4): 1063-1085.",gcarbon/m^2/day,Ocean Color Climate Change Initiative,SeaWiFS-OrbView2, MERIS-ENVISAT, MODIS-Aqua, VIIRS-SNPP,dataset,OC-CCI,Ocean Colour Climate Change Initiative,Source of the level 3 merged data,http://www.esa-oceancolour-cci.org/,NA,L3,V6.0,20221101-20221105,MM,1672531200
OCCCI,PPD,VGPM2,2003,GB,95351.43,12,0.6146244,2.25454E+13,22545401.47,22545.40147,,Monthly range PPD data (Vertically Generalized Production Model - Eppley) from the OC-CCI dataset,,,,,,,Monthly range,,,,,,seconds since 1970-01-01T00:00:00Z,1970-01-01T00:00:00Z,12 months,Productivity,,,PPD,daily primary production,VGPM2,Vertically Generalized Production Model - Eppley,"Behrenfeld_M. J. and P. G. Falkowski (1997). ""Photosynthetic rates derived from satellite-based chlorophyll concentration."" Limnology and Oceanography 42(1): 1-20; Eppley_R. W. (1972). ""Temperature and phytoplankton growth in the sea."" Fishery Bulletin 70(4): 1063-1085.",gcarbon/m^2/day,Ocean Color Climate Change Initiative,SeaWiFS-OrbView2, MERIS-ENVISAT, MODIS-Aqua, VIIRS-SNPP,dataset,OC-CCI,Ocean Colour Climate Change Initiative,Source of the level 3 merged data,http://www.esa-oceancolour-cci.org/,NA,L3,V6.0,20221101-20221105,MM,1672531200
OCCCI,PPD,VGPM2,2004,GB,95351.43,12,0.5826091,2.14272E+13,21427220.35,21427.22035,,Monthly range PPD data (Vertically Generalized Production Model - Eppley) from the OC-CCI dataset,,,,,,,Monthly range,,,,,,seconds since 1970-01-01T00:00:00Z,1970-01-01T00:00:00Z,12 months,Productivity,,,PPD,daily primary production,VGPM2,Vertically Generalized Production Model - Eppley,"Behrenfeld_M. J. and P. G. Falkowski (1997). ""Photosynthetic rates derived from satellite-based chlorophyll concentration."" Limnology and Oceanography 42(1): 1-20; Eppley_R. W. (1972). ""Temperature and phytoplankton growth in the sea."" Fishery Bulletin 70(4): 1063-1085.",gcarbon/m^2/day,Ocean Color Climate Change Initiative,SeaWiFS-OrbView2, MERIS-ENVISAT, MODIS-Aqua, VIIRS-SNPP,dataset,OC-CCI,Ocean Colour Climate Change Initiative,Source of the level 3 merged data,http://www.esa-oceancolour-cci.org/,NA,L3,V6.0,20221101-20221105,MM,1672531200
OCCCI,PPD,VGPM2,2005,GB,95351.43,12,0.630228,2.29899E+13,22989872.88,22989.87288,,Monthly range PPD data (Vertically Generalized Production Model - Eppley) from the OC-CCI dataset,,,,,,,Monthly range,,,,,,seconds since 1970-01-01T00:00:00Z,1970-01-01T00:00:00Z,12 months,Productivity,,,PPD,daily primary production,VGPM2,Vertically Generalized Production Model - Eppley,"Behrenfeld_M. J. and P. G. Falkowski (1997). ""Photosynthetic rates derived from satellite-based chlorophyll concentration."" Limnology and Oceanography 42(1): 1-20; Eppley_R. W. (1972). ""Temperature and phytoplankton growth in the sea."" Fishery Bulletin 70(4): 1063-1085.",gcarbon/m^2/day,Ocean Color Climate Change Initiative,SeaWiFS-OrbView2, MERIS-ENVISAT, MODIS-Aqua, VIIRS-SNPP,dataset,OC-CCI,Ocean Colour Climate Change Initiative,Source of the level 3 merged data,http://www.esa-oceancolour-cci.org/,NA,L3,V6.0,20221101-20221105,MM,1672531200
OCCCI,PPD,VGPM2,2006,GB,95351.43,12,0.6931872,2.5131E+13,25130982.41,25130.98241,,Monthly range PPD data (Vertically Generalized Production Model - Eppley) from the OC-CCI dataset,,,,,,,Monthly range,,,,,,seconds since 1970-01-01T00:00:00Z,1970-01-01T00:00:00Z,12 months,Productivity,,,PPD,daily primary production,VGPM2,Vertically Generalized Production Model - Eppley,"Behrenfeld_M. J. and P. G. Falkowski (1997). ""Photosynthetic rates derived from satellite-based chlorophyll concentration."" Limnology and Oceanography 42(1): 1-20; Eppley_R. W. (1972). ""Temperature and phytoplankton growth in the sea."" Fishery Bulletin 70(4): 1063-1085.",gcarbon/m^2/day,Ocean Color Climate Change Initiative,SeaWiFS-OrbView2, MERIS-ENVISAT, MODIS-Aqua, VIIRS-SNPP,dataset,OC-CCI,Ocean Colour Climate Change Initiative,Source of the level 3 merged data,http://www.esa-oceancolour-cci.org/,NA,L3,V6.0,20221101-20221105,MM,1672531200
OCCCI,PPD,VGPM2,2007,GB,95351.43,12,0.6600816,2.41506E+13,24150601.04,24150.60104,,Monthly range PPD data (Vertically Generalized Production Model - Eppley) from the OC-CCI dataset,,,,,,,Monthly range,,,,,,seconds since 1970-01-01T00:00:00Z,1970-01-01T00:00:00Z,12 months,Productivity,,,PPD,daily primary production,VGPM2,Vertically Generalized Production Model - Eppley,"Behrenfeld_M. J. and P. G. Falkowski (1997). ""Photosynthetic rates derived from satellite-based chlorophyll concentration."" Limnology and Oceanography 42(1): 1-20; Eppley_R. W. (1972). ""Temperature and phytoplankton growth in the sea."" Fishery Bulletin 70(4): 1063-1085.",gcarbon/m^2/day,Ocean Color Climate Change Initiative,SeaWiFS-OrbView2, MERIS-ENVISAT, MODIS-Aqua, VIIRS-SNPP,dataset,OC-CCI,Ocean Colour Climate Change Initiative,Source of the level 3 merged data,http://www.esa-oceancolour-cci.org/,NA,L3,V6.0,20221101-20221105,MM,1672531200
OCCCI,PPD,VGPM2,2008,GB,95351.43,12,0.6626787,2.42958E+13,24295783.31,24295.78331,,Monthly range PPD data (Vertically Generalized Production Model - Eppley) from the OC-CCI dataset,,,,,,,Monthly range,,,,,,seconds since 1970-01-01T00:00:00Z,1970-01-01T00:00:00Z,12 months,Productivity,,,PPD,daily primary production,VGPM2,Vertically Generalized Production Model - Eppley,"Behrenfeld_M. J. and P. G. Falkowski (1997). ""Photosynthetic rates derived from satellite-based chlorophyll concentration."" Limnology and Oceanography 42(1): 1-20; Eppley_R. W. (1972). ""Temperature and phytoplankton growth in the sea."" Fishery Bulletin 70(4): 1063-1085.",gcarbon/m^2/day,Ocean Color Climate Change Initiative,SeaWiFS-OrbView2, MERIS-ENVISAT, MODIS-Aqua, VIIRS-SNPP,dataset,OC-CCI,Ocean Colour Climate Change Initiative,Source of the level 3 merged data,http://www.esa-oceancolour-cci.org/,NA,L3,V6.0,20221101-20221105,MM,1672531200
OCCCI,PPD,VGPM2,2009,GB,95351.43,12,0.6655533,2.45195E+13,24519479.36,24519.47936,,Monthly range PPD data (Vertically Generalized Production Model - Eppley) from the OC-CCI dataset,,,,,,,Monthly range,,,,,,seconds since 1970-01-01T00:00:00Z,1970-01-01T00:00:00Z,12 months,Productivity,,,PPD,daily primary production,VGPM2,Vertically Generalized Production Model - Eppley,"Behrenfeld_M. J. and P. G. Falkowski (1997). ""Photosynthetic rates derived from satellite-based chlorophyll concentration."" Limnology and Oceanography 42(1): 1-20; Eppley_R. W. (1972). ""Temperature and phytoplankton growth in the sea."" Fishery Bulletin 70(4): 1063-1085.",gcarbon/m^2/day,Ocean Color Climate Change Initiative,SeaWiFS-OrbView2, MERIS-ENVISAT, MODIS-Aqua, VIIRS-SNPP,dataset,OC-CCI,Ocean Colour Climate Change Initiative,Source of the level 3 merged data,http://www.esa-oceancolour-cci.org/,NA,L3,V6.0,20221101-20221105,MM,1672531200
OCCCI,PPD,VGPM2,2010,GB,95351.43,12,0.6961229,2.55483E+13,25548346.91,25548.34691,,Monthly range PPD data (Vertically Generalized Production Model - Eppley) from the OC-CCI dataset,,,,,,,Monthly range,,,,,,seconds since 1970-01-01T00:00:00Z,1970-01-01T00:00:00Z,12 months,Productivity,,,PPD,daily primary production,VGPM2,Vertically Generalized Production Model - Eppley,"Behrenfeld_M. J. and P. G. Falkowski (1997). ""Photosynthetic rates derived from satellite-based chlorophyll concentration."" Limnology and Oceanography 42(1): 1-20; Eppley_R. W. (1972). ""Temperature and phytoplankton growth in the sea."" Fishery Bulletin 70(4): 1063-1085.",gcarbon/m^2/day,Ocean Color Climate Change Initiative,SeaWiFS-OrbView2, MERIS-ENVISAT, MODIS-Aqua, VIIRS-SNPP,dataset,OC-CCI,Ocean Colour Climate Change Initiative,Source of the level 3 merged data,http://www.esa-oceancolour-cci.org/,NA,L3,V6.0,20221101-20221105,MM,1672531200
OCCCI,PPD,VGPM2,2011,GB,95351.43,12,0.6613029,2.43745E+13,24374477.9,24374.4779,,Monthly range PPD data (Vertically Generalized Production Model - Eppley) from the OC-CCI dataset,,,,,,,Monthly range,,,,,,seconds since 1970-01-01T00:00:00Z,1970-01-01T00:00:00Z,12 months,Productivity,,,PPD,daily primary production,VGPM2,Vertically Generalized Production Model - Eppley,"Behrenfeld_M. J. and P. G. Falkowski (1997). ""Photosynthetic rates derived from satellite-based chlorophyll concentration."" Limnology and Oceanography 42(1): 1-20; Eppley_R. W. (1972). ""Temperature and phytoplankton growth in the sea."" Fishery Bulletin 70(4): 1063-1085.",gcarbon/m^2/day,Ocean Color Climate Change Initiative,SeaWiFS-OrbView2, MERIS-ENVISAT, MODIS-Aqua, VIIRS-SNPP,dataset,OC-CCI,Ocean Colour Climate Change Initiative,Source of the level 3 merged data,http://www.esa-oceancolour-cci.org/,NA,L3,V6.0,20221101-20221105,MM,1672531200
OCCCI,PPD,VGPM2,2012,GB,95351.43,12,0.7450381,2.7354E+13,27354027.12,27354.02712,,Monthly range PPD data (Vertically Generalized Production Model - Eppley) from the OC-CCI dataset,,,,,,,Monthly range,,,,,,seconds since 1970-01-01T00:00:00Z,1970-01-01T00:00:00Z,12 months,Productivity,,,PPD,daily primary production,VGPM2,Vertically Generalized Production Model - Eppley,"Behrenfeld_M. J. and P. G. Falkowski (1997). ""Photosynthetic rates derived from satellite-based chlorophyll concentration."" Limnology and Oceanography 42(1): 1-20; Eppley_R. W. (1972). ""Temperature and phytoplankton growth in the sea."" Fishery Bulletin 70(4): 1063-1085.",gcarbon/m^2/day,Ocean Color Climate Change Initiative,SeaWiFS-OrbView2, MERIS-ENVISAT, MODIS-Aqua, VIIRS-SNPP,dataset,OC-CCI,Ocean Colour Climate Change Initiative,Source of the level 3 merged data,http://www.esa-oceancolour-cci.org/,NA,L3,V6.0,20221101-20221105,MM,1672531200
OCCCI,PPD,VGPM2,2013,GB,95351.43,12,0.6597189,2.44483E+13,24448309.66,24448.30966,,Monthly range PPD data (Vertically Generalized Production Model - Eppley) from the OC-CCI dataset,,,,,,,Monthly range,,,,,,seconds since 1970-01-01T00:00:00Z,1970-01-01T00:00:00Z,12 months,Productivity,,,PPD,daily primary production,VGPM2,Vertically Generalized Production Model - Eppley,"Behrenfeld_M. J. and P. G. Falkowski (1997). ""Photosynthetic rates derived from satellite-based chlorophyll concentration."" Limnology and Oceanography 42(1): 1-20; Eppley_R. W. (1972). ""Temperature and phytoplankton growth in the sea."" Fishery Bulletin 70(4): 1063-1085.",gcarbon/m^2/day,Ocean Color Climate Change Initiative,SeaWiFS-OrbView2, MERIS-ENVISAT, MODIS-Aqua, VIIRS-SNPP,dataset,OC-CCI,Ocean Colour Climate Change Initiative,Source of the level 3 merged data,http://www.esa-oceancolour-cci.org/,NA,L3,V6.0,20221101-20221105,MM,1672531200
OCCCI,PPD,VGPM2,2014,GB,95351.43,12,0.687831,2.57615E+13,25761543.11,25761.54311,,Monthly range PPD data (Vertically Generalized Production Model - Eppley) from the OC-CCI dataset,,,,,,,Monthly range,,,,,,seconds since 1970-01-01T00:00:00Z,1970-01-01T00:00:00Z,12 months,Productivity,,,PPD,daily primary production,VGPM2,Vertically Generalized Production Model - Eppley,"Behrenfeld_M. J. and P. G. Falkowski (1997). ""Photosynthetic rates derived from satellite-based chlorophyll concentration."" Limnology and Oceanography 42(1): 1-20; Eppley_R. W. (1972). ""Temperature and phytoplankton growth in the sea."" Fishery Bulletin 70(4): 1063-1085.",gcarbon/m^2/day,Ocean Color Climate Change Initiative,SeaWiFS-OrbView2, MERIS-ENVISAT, MODIS-Aqua, VIIRS-SNPP,dataset,OC-CCI,Ocean Colour Climate Change Initiative,Source of the level 3 merged data,http://www.esa-oceancolour-cci.org/,NA,L3,V6.0,20221101-20221105,MM,1672531200
OCCCI,PPD,VGPM2,2015,GB,95351.43,12,0.6656498,2.47236E+13,24723613.64,24723.61364,,Monthly range PPD data (Vertically Generalized Production Model - Eppley) from the OC-CCI dataset,,,,,,,Monthly range,,,,,,seconds since 1970-01-01T00:00:00Z,1970-01-01T00:00:00Z,12 months,Productivity,,,PPD,daily primary production,VGPM2,Vertically Generalized Production Model - Eppley,"Behrenfeld_M. J. and P. G. Falkowski (1997). ""Photosynthetic rates derived from satellite-based chlorophyll concentration."" Limnology and Oceanography 42(1): 1-20; Eppley_R. W. (1972). ""Temperature and phytoplankton growth in the sea."" Fishery Bulletin 70(4): 1063-1085.",gcarbon/m^2/day,Ocean Color Climate Change Initiative,SeaWiFS-OrbView2, MERIS-ENVISAT, MODIS-Aqua, VIIRS-SNPP,dataset,OC-CCI,Ocean Colour Climate Change Initiative,Source of the level 3 merged data,http://www.esa-oceancolour-cci.org/,NA,L3,V6.0,20221101-20221105,MM,1672531200
OCCCI,PPD,VGPM2,2016,GB,95351.43,12,0.7020952,2.59761E+13,25976071.75,25976.07175,,Monthly range PPD data (Vertically Generalized Production Model - Eppley) from the OC-CCI dataset,,,,,,,Monthly range,,,,,,seconds since 1970-01-01T00:00:00Z,1970-01-01T00:00:00Z,12 months,Productivity,,,PPD,daily primary production,VGPM2,Vertically Generalized Production Model - Eppley,"Behrenfeld_M. J. and P. G. Falkowski (1997). ""Photosynthetic rates derived from satellite-based chlorophyll concentration."" Limnology and Oceanography 42(1): 1-20; Eppley_R. W. (1972). ""Temperature and phytoplankton growth in the sea."" Fishery Bulletin 70(4): 1063-1085.",gcarbon/m^2/day,Ocean Color Climate Change Initiative,SeaWiFS-OrbView2, MERIS-ENVISAT, MODIS-Aqua, VIIRS-SNPP,dataset,OC-CCI,Ocean Colour Climate Change Initiative,Source of the level 3 merged data,http://www.esa-oceancolour-cci.org/,NA,L3,V6.0,20221101-20221105,MM,1672531200
OCCCI,PPD,VGPM2,2017,GB,95351.43,12,0.6862234,2.5023E+13,25022971.43,25022.97143,,Monthly range PPD data (Vertically Generalized Production Model - Eppley) from the OC-CCI dataset,,,,,,,Monthly range,,,,,,seconds since 1970-01-01T00:00:00Z,1970-01-01T00:00:00Z,12 months,Productivity,,,PPD,daily primary production,VGPM2,Vertically Generalized Production Model - Eppley,"Behrenfeld_M. J. and P. G. Falkowski (1997). ""Photosynthetic rates derived from satellite-based chlorophyll concentration."" Limnology and Oceanography 42(1): 1-20; Eppley_R. W. (1972). ""Temperature and phytoplankton growth in the sea."" Fishery Bulletin 70(4): 1063-1085.",gcarbon/m^2/day,Ocean Color Climate Change Initiative,SeaWiFS-OrbView2, MERIS-ENVISAT, MODIS-Aqua, VIIRS-SNPP,dataset,OC-CCI,Ocean Colour Climate Change Initiative,Source of the level 3 merged data,http://www.esa-oceancolour-cci.org/,NA,L3,V6.0,20221101-20221105,MM,1672531200
OCCCI,PPD,VGPM2,2018,GB,95351.43,12,0.6762338,2.47013E+13,24701341.52,24701.34152,,Monthly range PPD data (Vertically Generalized Production Model - Eppley) from the OC-CCI dataset,,,,,,,Monthly range,,,,,,seconds since 1970-01-01T00:00:00Z,1970-01-01T00:00:00Z,12 months,Productivity,,,PPD,daily primary production,VGPM2,Vertically Generalized Production Model - Eppley,"Behrenfeld_M. J. and P. G. Falkowski (1997). ""Photosynthetic rates derived from satellite-based chlorophyll concentration."" Limnology and Oceanography 42(1): 1-20; Eppley_R. W. (1972). ""Temperature and phytoplankton growth in the sea."" Fishery Bulletin 70(4): 1063-1085.",gcarbon/m^2/day,Ocean Color Climate Change Initiative,SeaWiFS-OrbView2, MERIS-ENVISAT, MODIS-Aqua, VIIRS-SNPP,dataset,OC-CCI,Ocean Colour Climate Change Initiative,Source of the level 3 merged data,http://www.esa-oceancolour-cci.org/,NA,L3,V6.0,20221101-20221105,MM,1672531200
OCCCI,PPD,VGPM2,2019,GB,95351.43,12,0.6854306,2.49884E+13,24988425.57,24988.42557,,Monthly range PPD data (Vertically Generalized Production Model - Eppley) from the OC-CCI dataset,,,,,,,Monthly range,,,,,,seconds since 1970-01-01T00:00:00Z,1970-01-01T00:00:00Z,12 months,Productivity,,,PPD,daily primary production,VGPM2,Vertically Generalized Production Model - Eppley,"Behrenfeld_M. J. and P. G. Falkowski (1997). ""Photosynthetic rates derived from satellite-based chlorophyll concentration."" Limnology and Oceanography 42(1): 1-20; Eppley_R. W. (1972). ""Temperature and phytoplankton growth in the sea."" Fishery Bulletin 70(4): 1063-1085.",gcarbon/m^2/day,Ocean Color Climate Change Initiative,SeaWiFS-OrbView2, MERIS-ENVISAT, MODIS-Aqua, VIIRS-SNPP,dataset,OC-CCI,Ocean Colour Climate Change Initiative,Source of the level 3 merged data,http://www.esa-oceancolour-cci.org/,NA,L3,V6.0,20221101-20221105,MM,1672531200
OCCCI,PPD,VGPM2,2020,GB,95351.43,12,0.6401436,2.3616E+13,23615957.34,23615.95734,,Monthly range PPD data (Vertically Generalized Production Model - Eppley) from the OC-CCI dataset,,,,,,,Monthly range,,,,,,seconds since 1970-01-01T00:00:00Z,1970-01-01T00:00:00Z,12 months,Productivity,,,PPD,daily primary production,VGPM2,Vertically Generalized Production Model - Eppley,"Behrenfeld_M. J. and P. G. Falkowski (1997). ""Photosynthetic rates derived from satellite-based chlorophyll concentration."" Limnology and Oceanography 42(1): 1-20; Eppley_R. W. (1972). ""Temperature and phytoplankton growth in the sea."" Fishery Bulletin 70(4): 1063-1085.",gcarbon/m^2/day,Ocean Color Climate Change Initiative,SeaWiFS-OrbView2, MERIS-ENVISAT, MODIS-Aqua, VIIRS-SNPP,dataset,OC-CCI,Ocean Colour Climate Change Initiative,Source of the level 3 merged data,http://www.esa-oceancolour-cci.org/,NA,L3,V6.0,20221101-20221105,MM,1672531200
OCCCI,PPD,VGPM2,2021,GB,95351.43,12,0.7014856,2.58583E+13,25858272.76,25858.27276,,Monthly range PPD data (Vertically Generalized Production Model - Eppley) from the OC-CCI dataset,,,,,,,Monthly range,,,,,,seconds since 1970-01-01T00:00:00Z,1970-01-01T00:00:00Z,12 months,Productivity,,,PPD,daily primary production,VGPM2,Vertically Generalized Production Model - Eppley,"Behrenfeld_M. J. and P. G. Falkowski (1997). ""Photosynthetic rates derived from satellite-based chlorophyll concentration."" Limnology and Oceanography 42(1): 1-20; Eppley_R. W. (1972). ""Temperature and phytoplankton growth in the sea."" Fishery Bulletin 70(4): 1063-1085.",gcarbon/m^2/day,Ocean Color Climate Change Initiative,SeaWiFS-OrbView2, MERIS-ENVISAT, MODIS-Aqua, VIIRS-SNPP,dataset,OC-CCI,Ocean Colour Climate Change Initiative,Source of the level 3 merged data,http://www.esa-oceancolour-cci.org/,NA,L3,V6.0,20221101-20221105,MM,1672531200
OCCCI,PPD,VGPM2,2022,GB,95351.43,12,0.7520997,2.73169E+13,27316911.12,27316.91112,,Monthly range PPD data (Vertically Generalized Production Model - Eppley) from the OC-CCI dataset,,,,,,,Monthly range,,,,,,seconds since 1970-01-01T00:00:00Z,1970-01-01T00:00:00Z,12 months,Productivity,,,PPD,daily primary production,VGPM2,Vertically Generalized Production Model - Eppley,"Behrenfeld_M. J. and P. G. Falkowski (1997). ""Photosynthetic rates derived from satellite-based chlorophyll concentration."" Limnology and Oceanography 42(1): 1-20; Eppley_R. W. (1972). ""Temperature and phytoplankton growth in the sea."" Fishery Bulletin 70(4): 1063-1085.",gcarbon/m^2/day,Ocean Color Climate Change Initiative,SeaWiFS-OrbView2, MERIS-ENVISAT, MODIS-Aqua, VIIRS-SNPP,dataset,OC-CCI,Ocean Colour Climate Change Initiative,Source of the level 3 merged data,http://www.esa-oceancolour-cci.org/,NA,L3,V6.0,20221101-20221105,MM,1672531200
OCCCI,PPD,VGPM2,2023,GB,95351.43,7,0.8218411,1.74899E+13,17489933.55,17489.93355,,Monthly range PPD data (Vertically Generalized Production Model - Eppley) from the OC-CCI dataset,,,,,,,Monthly range,,,,,,seconds since 1970-01-01T00:00:00Z,1970-01-01T00:00:00Z,12 months,Productivity,,,PPD,daily primary production,VGPM2,Vertically Generalized Production Model - Eppley,"Behrenfeld_M. J. and P. G. Falkowski (1997). ""Photosynthetic rates derived from satellite-based chlorophyll concentration."" Limnology and Oceanography 42(1): 1-20; Eppley_R. W. (1972). ""Temperature and phytoplankton growth in the sea."" Fishery Bulletin 70(4): 1063-1085.",gcarbon/m^2/day,Ocean Color Climate Change Initiative,SeaWiFS-OrbView2, MERIS-ENVISAT, MODIS-Aqua, VIIRS-SNPP,dataset,OC-CCI,Ocean Colour Climate Change Initiative,Source of the level 3 merged data,http://www.esa-oceancolour-cci.org/,NA,L3,V6.0,20221101-20221105,MM,1672531200
OCCCI,PPD,VGPM2,1998,GOM,48859.393,12,0.6553975,1.21162E+13,12116184.44,12116.18444,,Monthly range PPD data (Vertically Generalized Production Model - Eppley) from the OC-CCI dataset,,,,,,,Monthly range,,,,,,seconds since 1970-01-01T00:00:00Z,1970-01-01T00:00:00Z,12 months,Productivity,,,PPD,daily primary production,VGPM2,Vertically Generalized Production Model - Eppley,"Behrenfeld_M. J. and P. G. Falkowski (1997). ""Photosynthetic rates derived from satellite-based chlorophyll concentration."" Limnology and Oceanography 42(1): 1-20; Eppley_R. W. (1972). ""Temperature and phytoplankton growth in the sea."" Fishery Bulletin 70(4): 1063-1085.",gcarbon/m^2/day,Ocean Color Climate Change Initiative,SeaWiFS-OrbView2, MERIS-ENVISAT, MODIS-Aqua, VIIRS-SNPP,dataset,OC-CCI,Ocean Colour Climate Change Initiative,Source of the level 3 merged data,http://www.esa-oceancolour-cci.org/,NA,L3,V6.0,20221101-20221105,MM,1672531200
OCCCI,PPD,VGPM2,1999,GOM,48859.393,12,0.7441038,1.37508E+13,13750776.64,13750.77664,,Monthly range PPD data (Vertically Generalized Production Model - Eppley) from the OC-CCI dataset,,,,,,,Monthly range,,,,,,seconds since 1970-01-01T00:00:00Z,1970-01-01T00:00:00Z,12 months,Productivity,,,PPD,daily primary production,VGPM2,Vertically Generalized Production Model - Eppley,"Behrenfeld_M. J. and P. G. Falkowski (1997). ""Photosynthetic rates derived from satellite-based chlorophyll concentration."" Limnology and Oceanography 42(1): 1-20; Eppley_R. W. (1972). ""Temperature and phytoplankton growth in the sea."" Fishery Bulletin 70(4): 1063-1085.",gcarbon/m^2/day,Ocean Color Climate Change Initiative,SeaWiFS-OrbView2, MERIS-ENVISAT, MODIS-Aqua, VIIRS-SNPP,dataset,OC-CCI,Ocean Colour Climate Change Initiative,Source of the level 3 merged data,http://www.esa-oceancolour-cci.org/,NA,L3,V6.0,20221101-20221105,MM,1672531200
OCCCI,PPD,VGPM2,2000,GOM,48859.393,12,0.7027807,1.32126E+13,13212613.72,13212.61372,,Monthly range PPD data (Vertically Generalized Production Model - Eppley) from the OC-CCI dataset,,,,,,,Monthly range,,,,,,seconds since 1970-01-01T00:00:00Z,1970-01-01T00:00:00Z,12 months,Productivity,,,PPD,daily primary production,VGPM2,Vertically Generalized Production Model - Eppley,"Behrenfeld_M. J. and P. G. Falkowski (1997). ""Photosynthetic rates derived from satellite-based chlorophyll concentration."" Limnology and Oceanography 42(1): 1-20; Eppley_R. W. (1972). ""Temperature and phytoplankton growth in the sea."" Fishery Bulletin 70(4): 1063-1085.",gcarbon/m^2/day,Ocean Color Climate Change Initiative,SeaWiFS-OrbView2, MERIS-ENVISAT, MODIS-Aqua, VIIRS-SNPP,dataset,OC-CCI,Ocean Colour Climate Change Initiative,Source of the level 3 merged data,http://www.esa-oceancolour-cci.org/,NA,L3,V6.0,20221101-20221105,MM,1672531200
OCCCI,PPD,VGPM2,2001,GOM,48859.393,12,0.6652873,1.23234E+13,12323425.8,12323.4258,,Monthly range PPD data (Vertically Generalized Production Model - Eppley) from the OC-CCI dataset,,,,,,,Monthly range,,,,,,seconds since 1970-01-01T00:00:00Z,1970-01-01T00:00:00Z,12 months,Productivity,,,PPD,daily primary production,VGPM2,Vertically Generalized Production Model - Eppley,"Behrenfeld_M. J. and P. G. Falkowski (1997). ""Photosynthetic rates derived from satellite-based chlorophyll concentration."" Limnology and Oceanography 42(1): 1-20; Eppley_R. W. (1972). ""Temperature and phytoplankton growth in the sea."" Fishery Bulletin 70(4): 1063-1085.",gcarbon/m^2/day,Ocean Color Climate Change Initiative,SeaWiFS-OrbView2, MERIS-ENVISAT, MODIS-Aqua, VIIRS-SNPP,dataset,OC-CCI,Ocean Colour Climate Change Initiative,Source of the level 3 merged data,http://www.esa-oceancolour-cci.org/,NA,L3,V6.0,20221101-20221105,MM,1672531200
OCCCI,PPD,VGPM2,2002,GOM,48859.393,12,0.7364917,1.36054E+13,13605409.76,13605.40976,,Monthly range PPD data (Vertically Generalized Production Model - Eppley) from the OC-CCI dataset,,,,,,,Monthly range,,,,,,seconds since 1970-01-01T00:00:00Z,1970-01-01T00:00:00Z,12 months,Productivity,,,PPD,daily primary production,VGPM2,Vertically Generalized Production Model - Eppley,"Behrenfeld_M. J. and P. G. Falkowski (1997). ""Photosynthetic rates derived from satellite-based chlorophyll concentration."" Limnology and Oceanography 42(1): 1-20; Eppley_R. W. (1972). ""Temperature and phytoplankton growth in the sea."" Fishery Bulletin 70(4): 1063-1085.",gcarbon/m^2/day,Ocean Color Climate Change Initiative,SeaWiFS-OrbView2, MERIS-ENVISAT, MODIS-Aqua, VIIRS-SNPP,dataset,OC-CCI,Ocean Colour Climate Change Initiative,Source of the level 3 merged data,http://www.esa-oceancolour-cci.org/,NA,L3,V6.0,20221101-20221105,MM,1672531200
OCCCI,PPD,VGPM2,2003,GOM,48859.393,12,0.6600918,1.23077E+13,12307657.55,12307.65755,,Monthly range PPD data (Vertically Generalized Production Model - Eppley) from the OC-CCI dataset,,,,,,,Monthly range,,,,,,seconds since 1970-01-01T00:00:00Z,1970-01-01T00:00:00Z,12 months,Productivity,,,PPD,daily primary production,VGPM2,Vertically Generalized Production Model - Eppley,"Behrenfeld_M. J. and P. G. Falkowski (1997). ""Photosynthetic rates derived from satellite-based chlorophyll concentration."" Limnology and Oceanography 42(1): 1-20; Eppley_R. W. (1972). ""Temperature and phytoplankton growth in the sea."" Fishery Bulletin 70(4): 1063-1085.",gcarbon/m^2/day,Ocean Color Climate Change Initiative,SeaWiFS-OrbView2, MERIS-ENVISAT, MODIS-Aqua, VIIRS-SNPP,dataset,OC-CCI,Ocean Colour Climate Change Initiative,Source of the level 3 merged data,http://www.esa-oceancolour-cci.org/,NA,L3,V6.0,20221101-20221105,MM,1672531200
OCCCI,PPD,VGPM2,2004,GOM,48859.393,12,0.6069047,1.13422E+13,11342163.61,11342.16361,,Monthly range PPD data (Vertically Generalized Production Model - Eppley) from the OC-CCI dataset,,,,,,,Monthly range,,,,,,seconds since 1970-01-01T00:00:00Z,1970-01-01T00:00:00Z,12 months,Productivity,,,PPD,daily primary production,VGPM2,Vertically Generalized Production Model - Eppley,"Behrenfeld_M. J. and P. G. Falkowski (1997). ""Photosynthetic rates derived from satellite-based chlorophyll concentration."" Limnology and Oceanography 42(1): 1-20; Eppley_R. W. (1972). ""Temperature and phytoplankton growth in the sea."" Fishery Bulletin 70(4): 1063-1085.",gcarbon/m^2/day,Ocean Color Climate Change Initiative,SeaWiFS-OrbView2, MERIS-ENVISAT, MODIS-Aqua, VIIRS-SNPP,dataset,OC-CCI,Ocean Colour Climate Change Initiative,Source of the level 3 merged data,http://www.esa-oceancolour-cci.org/,NA,L3,V6.0,20221101-20221105,MM,1672531200
OCCCI,PPD,VGPM2,2005,GOM,48859.393,12,0.6904855,1.28921E+13,12892127.96,12892.12796,,Monthly range PPD data (Vertically Generalized Production Model - Eppley) from the OC-CCI dataset,,,,,,,Monthly range,,,,,,seconds since 1970-01-01T00:00:00Z,1970-01-01T00:00:00Z,12 months,Productivity,,,PPD,daily primary production,VGPM2,Vertically Generalized Production Model - Eppley,"Behrenfeld_M. J. and P. G. Falkowski (1997). ""Photosynthetic rates derived from satellite-based chlorophyll concentration."" Limnology and Oceanography 42(1): 1-20; Eppley_R. W. (1972). ""Temperature and phytoplankton growth in the sea."" Fishery Bulletin 70(4): 1063-1085.",gcarbon/m^2/day,Ocean Color Climate Change Initiative,SeaWiFS-OrbView2, MERIS-ENVISAT, MODIS-Aqua, VIIRS-SNPP,dataset,OC-CCI,Ocean Colour Climate Change Initiative,Source of the level 3 merged data,http://www.esa-oceancolour-cci.org/,NA,L3,V6.0,20221101-20221105,MM,1672531200
OCCCI,PPD,VGPM2,2006,GOM,48859.393,12,0.7698,1.43032E+13,14303212.61,14303.21261,,Monthly range PPD data (Vertically Generalized Production Model - Eppley) from the OC-CCI dataset,,,,,,,Monthly range,,,,,,seconds since 1970-01-01T00:00:00Z,1970-01-01T00:00:00Z,12 months,Productivity,,,PPD,daily primary production,VGPM2,Vertically Generalized Production Model - Eppley,"Behrenfeld_M. J. and P. G. Falkowski (1997). ""Photosynthetic rates derived from satellite-based chlorophyll concentration."" Limnology and Oceanography 42(1): 1-20; Eppley_R. W. (1972). ""Temperature and phytoplankton growth in the sea."" Fishery Bulletin 70(4): 1063-1085.",gcarbon/m^2/day,Ocean Color Climate Change Initiative,SeaWiFS-OrbView2, MERIS-ENVISAT, MODIS-Aqua, VIIRS-SNPP,dataset,OC-CCI,Ocean Colour Climate Change Initiative,Source of the level 3 merged data,http://www.esa-oceancolour-cci.org/,NA,L3,V6.0,20221101-20221105,MM,1672531200
OCCCI,PPD,VGPM2,2007,GOM,48859.393,12,0.6942463,1.28604E+13,12860446.51,12860.44651,,Monthly range PPD data (Vertically Generalized Production Model - Eppley) from the OC-CCI dataset,,,,,,,Monthly range,,,,,,seconds since 1970-01-01T00:00:00Z,1970-01-01T00:00:00Z,12 months,Productivity,,,PPD,daily primary production,VGPM2,Vertically Generalized Production Model - Eppley,"Behrenfeld_M. J. and P. G. Falkowski (1997). ""Photosynthetic rates derived from satellite-based chlorophyll concentration."" Limnology and Oceanography 42(1): 1-20; Eppley_R. W. (1972). ""Temperature and phytoplankton growth in the sea."" Fishery Bulletin 70(4): 1063-1085.",gcarbon/m^2/day,Ocean Color Climate Change Initiative,SeaWiFS-OrbView2, MERIS-ENVISAT, MODIS-Aqua, VIIRS-SNPP,dataset,OC-CCI,Ocean Colour Climate Change Initiative,Source of the level 3 merged data,http://www.esa-oceancolour-cci.org/,NA,L3,V6.0,20221101-20221105,MM,1672531200
OCCCI,PPD,VGPM2,2008,GOM,48859.393,12,0.7117264,1.32315E+13,13231534.58,13231.53458,,Monthly range PPD data (Vertically Generalized Production Model - Eppley) from the OC-CCI dataset,,,,,,,Monthly range,,,,,,seconds since 1970-01-01T00:00:00Z,1970-01-01T00:00:00Z,12 months,Productivity,,,PPD,daily primary production,VGPM2,Vertically Generalized Production Model - Eppley,"Behrenfeld_M. J. and P. G. Falkowski (1997). ""Photosynthetic rates derived from satellite-based chlorophyll concentration."" Limnology and Oceanography 42(1): 1-20; Eppley_R. W. (1972). ""Temperature and phytoplankton growth in the sea."" Fishery Bulletin 70(4): 1063-1085.",gcarbon/m^2/day,Ocean Color Climate Change Initiative,SeaWiFS-OrbView2, MERIS-ENVISAT, MODIS-Aqua, VIIRS-SNPP,dataset,OC-CCI,Ocean Colour Climate Change Initiative,Source of the level 3 merged data,http://www.esa-oceancolour-cci.org/,NA,L3,V6.0,20221101-20221105,MM,1672531200
OCCCI,PPD,VGPM2,2009,GOM,48859.393,12,0.7169676,1.33168E+13,13316759.86,13316.75986,,Monthly range PPD data (Vertically Generalized Production Model - Eppley) from the OC-CCI dataset,,,,,,,Monthly range,,,,,,seconds since 1970-01-01T00:00:00Z,1970-01-01T00:00:00Z,12 months,Productivity,,,PPD,daily primary production,VGPM2,Vertically Generalized Production Model - Eppley,"Behrenfeld_M. J. and P. G. Falkowski (1997). ""Photosynthetic rates derived from satellite-based chlorophyll concentration."" Limnology and Oceanography 42(1): 1-20; Eppley_R. W. (1972). ""Temperature and phytoplankton growth in the sea."" Fishery Bulletin 70(4): 1063-1085.",gcarbon/m^2/day,Ocean Color Climate Change Initiative,SeaWiFS-OrbView2, MERIS-ENVISAT, MODIS-Aqua, VIIRS-SNPP,dataset,OC-CCI,Ocean Colour Climate Change Initiative,Source of the level 3 merged data,http://www.esa-oceancolour-cci.org/,NA,L3,V6.0,20221101-20221105,MM,1672531200
OCCCI,PPD,VGPM2,2010,GOM,48859.393,12,0.7735885,1.42484E+13,14248384.53,14248.38453,,Monthly range PPD data (Vertically Generalized Production Model - Eppley) from the OC-CCI dataset,,,,,,,Monthly range,,,,,,seconds since 1970-01-01T00:00:00Z,1970-01-01T00:00:00Z,12 months,Productivity,,,PPD,daily primary production,VGPM2,Vertically Generalized Production Model - Eppley,"Behrenfeld_M. J. and P. G. Falkowski (1997). ""Photosynthetic rates derived from satellite-based chlorophyll concentration."" Limnology and Oceanography 42(1): 1-20; Eppley_R. W. (1972). ""Temperature and phytoplankton growth in the sea."" Fishery Bulletin 70(4): 1063-1085.",gcarbon/m^2/day,Ocean Color Climate Change Initiative,SeaWiFS-OrbView2, MERIS-ENVISAT, MODIS-Aqua, VIIRS-SNPP,dataset,OC-CCI,Ocean Colour Climate Change Initiative,Source of the level 3 merged data,http://www.esa-oceancolour-cci.org/,NA,L3,V6.0,20221101-20221105,MM,1672531200
OCCCI,PPD,VGPM2,2011,GOM,48859.393,12,0.7363949,1.37062E+13,13706228.73,13706.22873,,Monthly range PPD data (Vertically Generalized Production Model - Eppley) from the OC-CCI dataset,,,,,,,Monthly range,,,,,,seconds since 1970-01-01T00:00:00Z,1970-01-01T00:00:00Z,12 months,Productivity,,,PPD,daily primary production,VGPM2,Vertically Generalized Production Model - Eppley,"Behrenfeld_M. J. and P. G. Falkowski (1997). ""Photosynthetic rates derived from satellite-based chlorophyll concentration."" Limnology and Oceanography 42(1): 1-20; Eppley_R. W. (1972). ""Temperature and phytoplankton growth in the sea."" Fishery Bulletin 70(4): 1063-1085.",gcarbon/m^2/day,Ocean Color Climate Change Initiative,SeaWiFS-OrbView2, MERIS-ENVISAT, MODIS-Aqua, VIIRS-SNPP,dataset,OC-CCI,Ocean Colour Climate Change Initiative,Source of the level 3 merged data,http://www.esa-oceancolour-cci.org/,NA,L3,V6.0,20221101-20221105,MM,1672531200
OCCCI,PPD,VGPM2,2012,GOM,48859.393,12,0.8500392,1.55931E+13,15593123.43,15593.12343,,Monthly range PPD data (Vertically Generalized Production Model - Eppley) from the OC-CCI dataset,,,,,,,Monthly range,,,,,,seconds since 1970-01-01T00:00:00Z,1970-01-01T00:00:00Z,12 months,Productivity,,,PPD,daily primary production,VGPM2,Vertically Generalized Production Model - Eppley,"Behrenfeld_M. J. and P. G. Falkowski (1997). ""Photosynthetic rates derived from satellite-based chlorophyll concentration."" Limnology and Oceanography 42(1): 1-20; Eppley_R. W. (1972). ""Temperature and phytoplankton growth in the sea."" Fishery Bulletin 70(4): 1063-1085.",gcarbon/m^2/day,Ocean Color Climate Change Initiative,SeaWiFS-OrbView2, MERIS-ENVISAT, MODIS-Aqua, VIIRS-SNPP,dataset,OC-CCI,Ocean Colour Climate Change Initiative,Source of the level 3 merged data,http://www.esa-oceancolour-cci.org/,NA,L3,V6.0,20221101-20221105,MM,1672531200
OCCCI,PPD,VGPM2,2013,GOM,48859.393,12,0.7193977,1.34392E+13,13439217.31,13439.21731,,Monthly range PPD data (Vertically Generalized Production Model - Eppley) from the OC-CCI dataset,,,,,,,Monthly range,,,,,,seconds since 1970-01-01T00:00:00Z,1970-01-01T00:00:00Z,12 months,Productivity,,,PPD,daily primary production,VGPM2,Vertically Generalized Production Model - Eppley,"Behrenfeld_M. J. and P. G. Falkowski (1997). ""Photosynthetic rates derived from satellite-based chlorophyll concentration."" Limnology and Oceanography 42(1): 1-20; Eppley_R. W. (1972). ""Temperature and phytoplankton growth in the sea."" Fishery Bulletin 70(4): 1063-1085.",gcarbon/m^2/day,Ocean Color Climate Change Initiative,SeaWiFS-OrbView2, MERIS-ENVISAT, MODIS-Aqua, VIIRS-SNPP,dataset,OC-CCI,Ocean Colour Climate Change Initiative,Source of the level 3 merged data,http://www.esa-oceancolour-cci.org/,NA,L3,V6.0,20221101-20221105,MM,1672531200
OCCCI,PPD,VGPM2,2014,GOM,48859.393,12,0.7072563,1.30326E+13,13032594.85,13032.59485,,Monthly range PPD data (Vertically Generalized Production Model - Eppley) from the OC-CCI dataset,,,,,,,Monthly range,,,,,,seconds since 1970-01-01T00:00:00Z,1970-01-01T00:00:00Z,12 months,Productivity,,,PPD,daily primary production,VGPM2,Vertically Generalized Production Model - Eppley,"Behrenfeld_M. J. and P. G. Falkowski (1997). ""Photosynthetic rates derived from satellite-based chlorophyll concentration."" Limnology and Oceanography 42(1): 1-20; Eppley_R. W. (1972). ""Temperature and phytoplankton growth in the sea."" Fishery Bulletin 70(4): 1063-1085.",gcarbon/m^2/day,Ocean Color Climate Change Initiative,SeaWiFS-OrbView2, MERIS-ENVISAT, MODIS-Aqua, VIIRS-SNPP,dataset,OC-CCI,Ocean Colour Climate Change Initiative,Source of the level 3 merged data,http://www.esa-oceancolour-cci.org/,NA,L3,V6.0,20221101-20221105,MM,1672531200
OCCCI,PPD,VGPM2,2015,GOM,48859.393,12,0.6790051,1.25886E+13,12588581.82,12588.58182,,Monthly range PPD data (Vertically Generalized Production Model - Eppley) from the OC-CCI dataset,,,,,,,Monthly range,,,,,,seconds since 1970-01-01T00:00:00Z,1970-01-01T00:00:00Z,12 months,Productivity,,,PPD,daily primary production,VGPM2,Vertically Generalized Production Model - Eppley,"Behrenfeld_M. J. and P. G. Falkowski (1997). ""Photosynthetic rates derived from satellite-based chlorophyll concentration."" Limnology and Oceanography 42(1): 1-20; Eppley_R. W. (1972). ""Temperature and phytoplankton growth in the sea."" Fishery Bulletin 70(4): 1063-1085.",gcarbon/m^2/day,Ocean Color Climate Change Initiative,SeaWiFS-OrbView2, MERIS-ENVISAT, MODIS-Aqua, VIIRS-SNPP,dataset,OC-CCI,Ocean Colour Climate Change Initiative,Source of the level 3 merged data,http://www.esa-oceancolour-cci.org/,NA,L3,V6.0,20221101-20221105,MM,1672531200
OCCCI,PPD,VGPM2,2016,GOM,48859.393,12,0.7553552,1.3943E+13,13942958.06,13942.95806,,Monthly range PPD data (Vertically Generalized Production Model - Eppley) from the OC-CCI dataset,,,,,,,Monthly range,,,,,,seconds since 1970-01-01T00:00:00Z,1970-01-01T00:00:00Z,12 months,Productivity,,,PPD,daily primary production,VGPM2,Vertically Generalized Production Model - Eppley,"Behrenfeld_M. J. and P. G. Falkowski (1997). ""Photosynthetic rates derived from satellite-based chlorophyll concentration."" Limnology and Oceanography 42(1): 1-20; Eppley_R. W. (1972). ""Temperature and phytoplankton growth in the sea."" Fishery Bulletin 70(4): 1063-1085.",gcarbon/m^2/day,Ocean Color Climate Change Initiative,SeaWiFS-OrbView2, MERIS-ENVISAT, MODIS-Aqua, VIIRS-SNPP,dataset,OC-CCI,Ocean Colour Climate Change Initiative,Source of the level 3 merged data,http://www.esa-oceancolour-cci.org/,NA,L3,V6.0,20221101-20221105,MM,1672531200
OCCCI,PPD,VGPM2,2017,GOM,48859.393,12,0.7219221,1.33339E+13,13333881.07,13333.88107,,Monthly range PPD data (Vertically Generalized Production Model - Eppley) from the OC-CCI dataset,,,,,,,Monthly range,,,,,,seconds since 1970-01-01T00:00:00Z,1970-01-01T00:00:00Z,12 months,Productivity,,,PPD,daily primary production,VGPM2,Vertically Generalized Production Model - Eppley,"Behrenfeld_M. J. and P. G. Falkowski (1997). ""Photosynthetic rates derived from satellite-based chlorophyll concentration."" Limnology and Oceanography 42(1): 1-20; Eppley_R. W. (1972). ""Temperature and phytoplankton growth in the sea."" Fishery Bulletin 70(4): 1063-1085.",gcarbon/m^2/day,Ocean Color Climate Change Initiative,SeaWiFS-OrbView2, MERIS-ENVISAT, MODIS-Aqua, VIIRS-SNPP,dataset,OC-CCI,Ocean Colour Climate Change Initiative,Source of the level 3 merged data,http://www.esa-oceancolour-cci.org/,NA,L3,V6.0,20221101-20221105,MM,1672531200
OCCCI,PPD,VGPM2,2018,GOM,48859.393,12,0.7134545,1.31756E+13,13175618.64,13175.61864,,Monthly range PPD data (Vertically Generalized Production Model - Eppley) from the OC-CCI dataset,,,,,,,Monthly range,,,,,,seconds since 1970-01-01T00:00:00Z,1970-01-01T00:00:00Z,12 months,Productivity,,,PPD,daily primary production,VGPM2,Vertically Generalized Production Model - Eppley,"Behrenfeld_M. J. and P. G. Falkowski (1997). ""Photosynthetic rates derived from satellite-based chlorophyll concentration."" Limnology and Oceanography 42(1): 1-20; Eppley_R. W. (1972). ""Temperature and phytoplankton growth in the sea."" Fishery Bulletin 70(4): 1063-1085.",gcarbon/m^2/day,Ocean Color Climate Change Initiative,SeaWiFS-OrbView2, MERIS-ENVISAT, MODIS-Aqua, VIIRS-SNPP,dataset,OC-CCI,Ocean Colour Climate Change Initiative,Source of the level 3 merged data,http://www.esa-oceancolour-cci.org/,NA,L3,V6.0,20221101-20221105,MM,1672531200
OCCCI,PPD,VGPM2,2019,GOM,48859.393,12,0.7101329,1.31271E+13,13127057.5,13127.0575,,Monthly range PPD data (Vertically Generalized Production Model - Eppley) from the OC-CCI dataset,,,,,,,Monthly range,,,,,,seconds since 1970-01-01T00:00:00Z,1970-01-01T00:00:00Z,12 months,Productivity,,,PPD,daily primary production,VGPM2,Vertically Generalized Production Model - Eppley,"Behrenfeld_M. J. and P. G. Falkowski (1997). ""Photosynthetic rates derived from satellite-based chlorophyll concentration."" Limnology and Oceanography 42(1): 1-20; Eppley_R. W. (1972). ""Temperature and phytoplankton growth in the sea."" Fishery Bulletin 70(4): 1063-1085.",gcarbon/m^2/day,Ocean Color Climate Change Initiative,SeaWiFS-OrbView2, MERIS-ENVISAT, MODIS-Aqua, VIIRS-SNPP,dataset,OC-CCI,Ocean Colour Climate Change Initiative,Source of the level 3 merged data,http://www.esa-oceancolour-cci.org/,NA,L3,V6.0,20221101-20221105,MM,1672531200
OCCCI,PPD,VGPM2,2020,GOM,48859.393,12,0.7295024,1.3491E+13,13491022.34,13491.02234,,Monthly range PPD data (Vertically Generalized Production Model - Eppley) from the OC-CCI dataset,,,,,,,Monthly range,,,,,,seconds since 1970-01-01T00:00:00Z,1970-01-01T00:00:00Z,12 months,Productivity,,,PPD,daily primary production,VGPM2,Vertically Generalized Production Model - Eppley,"Behrenfeld_M. J. and P. G. Falkowski (1997). ""Photosynthetic rates derived from satellite-based chlorophyll concentration."" Limnology and Oceanography 42(1): 1-20; Eppley_R. W. (1972). ""Temperature and phytoplankton growth in the sea."" Fishery Bulletin 70(4): 1063-1085.",gcarbon/m^2/day,Ocean Color Climate Change Initiative,SeaWiFS-OrbView2, MERIS-ENVISAT, MODIS-Aqua, VIIRS-SNPP,dataset,OC-CCI,Ocean Colour Climate Change Initiative,Source of the level 3 merged data,http://www.esa-oceancolour-cci.org/,NA,L3,V6.0,20221101-20221105,MM,1672531200
OCCCI,PPD,VGPM2,2021,GOM,48859.393,12,0.7641092,1.41177E+13,14117682.38,14117.68238,,Monthly range PPD data (Vertically Generalized Production Model - Eppley) from the OC-CCI dataset,,,,,,,Monthly range,,,,,,seconds since 1970-01-01T00:00:00Z,1970-01-01T00:00:00Z,12 months,Productivity,,,PPD,daily primary production,VGPM2,Vertically Generalized Production Model - Eppley,"Behrenfeld_M. J. and P. G. Falkowski (1997). ""Photosynthetic rates derived from satellite-based chlorophyll concentration."" Limnology and Oceanography 42(1): 1-20; Eppley_R. W. (1972). ""Temperature and phytoplankton growth in the sea."" Fishery Bulletin 70(4): 1063-1085.",gcarbon/m^2/day,Ocean Color Climate Change Initiative,SeaWiFS-OrbView2, MERIS-ENVISAT, MODIS-Aqua, VIIRS-SNPP,dataset,OC-CCI,Ocean Colour Climate Change Initiative,Source of the level 3 merged data,http://www.esa-oceancolour-cci.org/,NA,L3,V6.0,20221101-20221105,MM,1672531200
OCCCI,PPD,VGPM2,2022,GOM,48859.393,12,0.8752443,1.60276E+13,16027550.34,16027.55034,,Monthly range PPD data (Vertically Generalized Production Model - Eppley) from the OC-CCI dataset,,,,,,,Monthly range,,,,,,seconds since 1970-01-01T00:00:00Z,1970-01-01T00:00:00Z,12 months,Productivity,,,PPD,daily primary production,VGPM2,Vertically Generalized Production Model - Eppley,"Behrenfeld_M. J. and P. G. Falkowski (1997). ""Photosynthetic rates derived from satellite-based chlorophyll concentration."" Limnology and Oceanography 42(1): 1-20; Eppley_R. W. (1972). ""Temperature and phytoplankton growth in the sea."" Fishery Bulletin 70(4): 1063-1085.",gcarbon/m^2/day,Ocean Color Climate Change Initiative,SeaWiFS-OrbView2, MERIS-ENVISAT, MODIS-Aqua, VIIRS-SNPP,dataset,OC-CCI,Ocean Colour Climate Change Initiative,Source of the level 3 merged data,http://www.esa-oceancolour-cci.org/,NA,L3,V6.0,20221101-20221105,MM,1672531200
OCCCI,PPD,VGPM2,2023,GOM,48859.393,7,1.243709,1.32592E+13,13259216.82,13259.21682,,Monthly range PPD data (Vertically Generalized Production Model - Eppley) from the OC-CCI dataset,,,,,,,Monthly range,,,,,,seconds since 1970-01-01T00:00:00Z,1970-01-01T00:00:00Z,12 months,Productivity,,,PPD,daily primary production,VGPM2,Vertically Generalized Production Model - Eppley,"Behrenfeld_M. J. and P. G. Falkowski (1997). ""Photosynthetic rates derived from satellite-based chlorophyll concentration."" Limnology and Oceanography 42(1): 1-20; Eppley_R. W. (1972). ""Temperature and phytoplankton growth in the sea."" Fishery Bulletin 70(4): 1063-1085.",gcarbon/m^2/day,Ocean Color Climate Change Initiative,SeaWiFS-OrbView2, MERIS-ENVISAT, MODIS-Aqua, VIIRS-SNPP,dataset,OC-CCI,Ocean Colour Climate Change Initiative,Source of the level 3 merged data,http://www.esa-oceancolour-cci.org/,NA,L3,V6.0,20221101-20221105,MM,1672531200
OCCCI,PPD,VGPM2,1998,MAB,123319.52,12,0.7553934,3.6298E+13,36297971.68,36297.97168,,Monthly range PPD data (Vertically Generalized Production Model - Eppley) from the OC-CCI dataset,,,,,,,Monthly range,,,,,,seconds since 1970-01-01T00:00:00Z,1970-01-01T00:00:00Z,12 months,Productivity,,,PPD,daily primary production,VGPM2,Vertically Generalized Production Model - Eppley,"Behrenfeld_M. J. and P. G. Falkowski (1997). ""Photosynthetic rates derived from satellite-based chlorophyll concentration."" Limnology and Oceanography 42(1): 1-20; Eppley_R. W. (1972). ""Temperature and phytoplankton growth in the sea."" Fishery Bulletin 70(4): 1063-1085.",gcarbon/m^2/day,Ocean Color Climate Change Initiative,SeaWiFS-OrbView2, MERIS-ENVISAT, MODIS-Aqua, VIIRS-SNPP,dataset,OC-CCI,Ocean Colour Climate Change Initiative,Source of the level 3 merged data,http://www.esa-oceancolour-cci.org/,NA,L3,V6.0,20221101-20221105,MM,1672531200
OCCCI,PPD,VGPM2,1999,MAB,123319.52,12,0.7665957,3.70594E+13,37059378.05,37059.37805,,Monthly range PPD data (Vertically Generalized Production Model - Eppley) from the OC-CCI dataset,,,,,,,Monthly range,,,,,,seconds since 1970-01-01T00:00:00Z,1970-01-01T00:00:00Z,12 months,Productivity,,,PPD,daily primary production,VGPM2,Vertically Generalized Production Model - Eppley,"Behrenfeld_M. J. and P. G. Falkowski (1997). ""Photosynthetic rates derived from satellite-based chlorophyll concentration."" Limnology and Oceanography 42(1): 1-20; Eppley_R. W. (1972). ""Temperature and phytoplankton growth in the sea."" Fishery Bulletin 70(4): 1063-1085.",gcarbon/m^2/day,Ocean Color Climate Change Initiative,SeaWiFS-OrbView2, MERIS-ENVISAT, MODIS-Aqua, VIIRS-SNPP,dataset,OC-CCI,Ocean Colour Climate Change Initiative,Source of the level 3 merged data,http://www.esa-oceancolour-cci.org/,NA,L3,V6.0,20221101-20221105,MM,1672531200
OCCCI,PPD,VGPM2,2000,MAB,123319.52,12,0.8352819,3.99532E+13,39953199.29,39953.19929,,Monthly range PPD data (Vertically Generalized Production Model - Eppley) from the OC-CCI dataset,,,,,,,Monthly range,,,,,,seconds since 1970-01-01T00:00:00Z,1970-01-01T00:00:00Z,12 months,Productivity,,,PPD,daily primary production,VGPM2,Vertically Generalized Production Model - Eppley,"Behrenfeld_M. J. and P. G. Falkowski (1997). ""Photosynthetic rates derived from satellite-based chlorophyll concentration."" Limnology and Oceanography 42(1): 1-20; Eppley_R. W. (1972). ""Temperature and phytoplankton growth in the sea."" Fishery Bulletin 70(4): 1063-1085.",gcarbon/m^2/day,Ocean Color Climate Change Initiative,SeaWiFS-OrbView2, MERIS-ENVISAT, MODIS-Aqua, VIIRS-SNPP,dataset,OC-CCI,Ocean Colour Climate Change Initiative,Source of the level 3 merged data,http://www.esa-oceancolour-cci.org/,NA,L3,V6.0,20221101-20221105,MM,1672531200
OCCCI,PPD,VGPM2,2001,MAB,123319.52,12,0.8323278,4.05942E+13,40594212.65,40594.21265,,Monthly range PPD data (Vertically Generalized Production Model - Eppley) from the OC-CCI dataset,,,,,,,Monthly range,,,,,,seconds since 1970-01-01T00:00:00Z,1970-01-01T00:00:00Z,12 months,Productivity,,,PPD,daily primary production,VGPM2,Vertically Generalized Production Model - Eppley,"Behrenfeld_M. J. and P. G. Falkowski (1997). ""Photosynthetic rates derived from satellite-based chlorophyll concentration."" Limnology and Oceanography 42(1): 1-20; Eppley_R. W. (1972). ""Temperature and phytoplankton growth in the sea."" Fishery Bulletin 70(4): 1063-1085.",gcarbon/m^2/day,Ocean Color Climate Change Initiative,SeaWiFS-OrbView2, MERIS-ENVISAT, MODIS-Aqua, VIIRS-SNPP,dataset,OC-CCI,Ocean Colour Climate Change Initiative,Source of the level 3 merged data,http://www.esa-oceancolour-cci.org/,NA,L3,V6.0,20221101-20221105,MM,1672531200
OCCCI,PPD,VGPM2,2002,MAB,123319.52,12,0.8679278,4.30948E+13,43094761.06,43094.76106,,Monthly range PPD data (Vertically Generalized Production Model - Eppley) from the OC-CCI dataset,,,,,,,Monthly range,,,,,,seconds since 1970-01-01T00:00:00Z,1970-01-01T00:00:00Z,12 months,Productivity,,,PPD,daily primary production,VGPM2,Vertically Generalized Production Model - Eppley,"Behrenfeld_M. J. and P. G. Falkowski (1997). ""Photosynthetic rates derived from satellite-based chlorophyll concentration."" Limnology and Oceanography 42(1): 1-20; Eppley_R. W. (1972). ""Temperature and phytoplankton growth in the sea."" Fishery Bulletin 70(4): 1063-1085.",gcarbon/m^2/day,Ocean Color Climate Change Initiative,SeaWiFS-OrbView2, MERIS-ENVISAT, MODIS-Aqua, VIIRS-SNPP,dataset,OC-CCI,Ocean Colour Climate Change Initiative,Source of the level 3 merged data,http://www.esa-oceancolour-cci.org/,NA,L3,V6.0,20221101-20221105,MM,1672531200
OCCCI,PPD,VGPM2,2003,MAB,123319.52,12,0.8496506,4.15108E+13,41510778.86,41510.77886,,Monthly range PPD data (Vertically Generalized Production Model - Eppley) from the OC-CCI dataset,,,,,,,Monthly range,,,,,,seconds since 1970-01-01T00:00:00Z,1970-01-01T00:00:00Z,12 months,Productivity,,,PPD,daily primary production,VGPM2,Vertically Generalized Production Model - Eppley,"Behrenfeld_M. J. and P. G. Falkowski (1997). ""Photosynthetic rates derived from satellite-based chlorophyll concentration."" Limnology and Oceanography 42(1): 1-20; Eppley_R. W. (1972). ""Temperature and phytoplankton growth in the sea."" Fishery Bulletin 70(4): 1063-1085.",gcarbon/m^2/day,Ocean Color Climate Change Initiative,SeaWiFS-OrbView2, MERIS-ENVISAT, MODIS-Aqua, VIIRS-SNPP,dataset,OC-CCI,Ocean Colour Climate Change Initiative,Source of the level 3 merged data,http://www.esa-oceancolour-cci.org/,NA,L3,V6.0,20221101-20221105,MM,1672531200
OCCCI,PPD,VGPM2,2004,MAB,123319.52,12,0.7657623,3.75907E+13,37590661.93,37590.66193,,Monthly range PPD data (Vertically Generalized Production Model - Eppley) from the OC-CCI dataset,,,,,,,Monthly range,,,,,,seconds since 1970-01-01T00:00:00Z,1970-01-01T00:00:00Z,12 months,Productivity,,,PPD,daily primary production,VGPM2,Vertically Generalized Production Model - Eppley,"Behrenfeld_M. J. and P. G. Falkowski (1997). ""Photosynthetic rates derived from satellite-based chlorophyll concentration."" Limnology and Oceanography 42(1): 1-20; Eppley_R. W. (1972). ""Temperature and phytoplankton growth in the sea."" Fishery Bulletin 70(4): 1063-1085.",gcarbon/m^2/day,Ocean Color Climate Change Initiative,SeaWiFS-OrbView2, MERIS-ENVISAT, MODIS-Aqua, VIIRS-SNPP,dataset,OC-CCI,Ocean Colour Climate Change Initiative,Source of the level 3 merged data,http://www.esa-oceancolour-cci.org/,NA,L3,V6.0,20221101-20221105,MM,1672531200
OCCCI,PPD,VGPM2,2005,MAB,123319.52,12,0.8154476,3.94016E+13,39401623.95,39401.62395,,Monthly range PPD data (Vertically Generalized Production Model - Eppley) from the OC-CCI dataset,,,,,,,Monthly range,,,,,,seconds since 1970-01-01T00:00:00Z,1970-01-01T00:00:00Z,12 months,Productivity,,,PPD,daily primary production,VGPM2,Vertically Generalized Production Model - Eppley,"Behrenfeld_M. J. and P. G. Falkowski (1997). ""Photosynthetic rates derived from satellite-based chlorophyll concentration."" Limnology and Oceanography 42(1): 1-20; Eppley_R. W. (1972). ""Temperature and phytoplankton growth in the sea."" Fishery Bulletin 70(4): 1063-1085.",gcarbon/m^2/day,Ocean Color Climate Change Initiative,SeaWiFS-OrbView2, MERIS-ENVISAT, MODIS-Aqua, VIIRS-SNPP,dataset,OC-CCI,Ocean Colour Climate Change Initiative,Source of the level 3 merged data,http://www.esa-oceancolour-cci.org/,NA,L3,V6.0,20221101-20221105,MM,1672531200
OCCCI,PPD,VGPM2,2006,MAB,123319.52,12,0.876777,4.24227E+13,42422656.68,42422.65668,,Monthly range PPD data (Vertically Generalized Production Model - Eppley) from the OC-CCI dataset,,,,,,,Monthly range,,,,,,seconds since 1970-01-01T00:00:00Z,1970-01-01T00:00:00Z,12 months,Productivity,,,PPD,daily primary production,VGPM2,Vertically Generalized Production Model - Eppley,"Behrenfeld_M. J. and P. G. Falkowski (1997). ""Photosynthetic rates derived from satellite-based chlorophyll concentration."" Limnology and Oceanography 42(1): 1-20; Eppley_R. W. (1972). ""Temperature and phytoplankton growth in the sea."" Fishery Bulletin 70(4): 1063-1085.",gcarbon/m^2/day,Ocean Color Climate Change Initiative,SeaWiFS-OrbView2, MERIS-ENVISAT, MODIS-Aqua, VIIRS-SNPP,dataset,OC-CCI,Ocean Colour Climate Change Initiative,Source of the level 3 merged data,http://www.esa-oceancolour-cci.org/,NA,L3,V6.0,20221101-20221105,MM,1672531200
OCCCI,PPD,VGPM2,2007,MAB,123319.52,12,0.8373417,4.12006E+13,41200638.37,41200.63837,,Monthly range PPD data (Vertically Generalized Production Model - Eppley) from the OC-CCI dataset,,,,,,,Monthly range,,,,,,seconds since 1970-01-01T00:00:00Z,1970-01-01T00:00:00Z,12 months,Productivity,,,PPD,daily primary production,VGPM2,Vertically Generalized Production Model - Eppley,"Behrenfeld_M. J. and P. G. Falkowski (1997). ""Photosynthetic rates derived from satellite-based chlorophyll concentration."" Limnology and Oceanography 42(1): 1-20; Eppley_R. W. (1972). ""Temperature and phytoplankton growth in the sea."" Fishery Bulletin 70(4): 1063-1085.",gcarbon/m^2/day,Ocean Color Climate Change Initiative,SeaWiFS-OrbView2, MERIS-ENVISAT, MODIS-Aqua, VIIRS-SNPP,dataset,OC-CCI,Ocean Colour Climate Change Initiative,Source of the level 3 merged data,http://www.esa-oceancolour-cci.org/,NA,L3,V6.0,20221101-20221105,MM,1672531200
OCCCI,PPD,VGPM2,2008,MAB,123319.52,12,0.8669247,4.30703E+13,43070318.38,43070.31838,,Monthly range PPD data (Vertically Generalized Production Model - Eppley) from the OC-CCI dataset,,,,,,,Monthly range,,,,,,seconds since 1970-01-01T00:00:00Z,1970-01-01T00:00:00Z,12 months,Productivity,,,PPD,daily primary production,VGPM2,Vertically Generalized Production Model - Eppley,"Behrenfeld_M. J. and P. G. Falkowski (1997). ""Photosynthetic rates derived from satellite-based chlorophyll concentration."" Limnology and Oceanography 42(1): 1-20; Eppley_R. W. (1972). ""Temperature and phytoplankton growth in the sea."" Fishery Bulletin 70(4): 1063-1085.",gcarbon/m^2/day,Ocean Color Climate Change Initiative,SeaWiFS-OrbView2, MERIS-ENVISAT, MODIS-Aqua, VIIRS-SNPP,dataset,OC-CCI,Ocean Colour Climate Change Initiative,Source of the level 3 merged data,http://www.esa-oceancolour-cci.org/,NA,L3,V6.0,20221101-20221105,MM,1672531200
OCCCI,PPD,VGPM2,2009,MAB,123319.52,12,0.8154325,4.02774E+13,40277352.28,40277.35228,,Monthly range PPD data (Vertically Generalized Production Model - Eppley) from the OC-CCI dataset,,,,,,,Monthly range,,,,,,seconds since 1970-01-01T00:00:00Z,1970-01-01T00:00:00Z,12 months,Productivity,,,PPD,daily primary production,VGPM2,Vertically Generalized Production Model - Eppley,"Behrenfeld_M. J. and P. G. Falkowski (1997). ""Photosynthetic rates derived from satellite-based chlorophyll concentration."" Limnology and Oceanography 42(1): 1-20; Eppley_R. W. (1972). ""Temperature and phytoplankton growth in the sea."" Fishery Bulletin 70(4): 1063-1085.",gcarbon/m^2/day,Ocean Color Climate Change Initiative,SeaWiFS-OrbView2, MERIS-ENVISAT, MODIS-Aqua, VIIRS-SNPP,dataset,OC-CCI,Ocean Colour Climate Change Initiative,Source of the level 3 merged data,http://www.esa-oceancolour-cci.org/,NA,L3,V6.0,20221101-20221105,MM,1672531200
OCCCI,PPD,VGPM2,2010,MAB,123319.52,12,0.8352938,4.13553E+13,41355265.76,41355.26576,,Monthly range PPD data (Vertically Generalized Production Model - Eppley) from the OC-CCI dataset,,,,,,,Monthly range,,,,,,seconds since 1970-01-01T00:00:00Z,1970-01-01T00:00:00Z,12 months,Productivity,,,PPD,daily primary production,VGPM2,Vertically Generalized Production Model - Eppley,"Behrenfeld_M. J. and P. G. Falkowski (1997). ""Photosynthetic rates derived from satellite-based chlorophyll concentration."" Limnology and Oceanography 42(1): 1-20; Eppley_R. W. (1972). ""Temperature and phytoplankton growth in the sea."" Fishery Bulletin 70(4): 1063-1085.",gcarbon/m^2/day,Ocean Color Climate Change Initiative,SeaWiFS-OrbView2, MERIS-ENVISAT, MODIS-Aqua, VIIRS-SNPP,dataset,OC-CCI,Ocean Colour Climate Change Initiative,Source of the level 3 merged data,http://www.esa-oceancolour-cci.org/,NA,L3,V6.0,20221101-20221105,MM,1672531200
OCCCI,PPD,VGPM2,2011,MAB,123319.52,12,0.8937262,4.45683E+13,44568289.88,44568.28988,,Monthly range PPD data (Vertically Generalized Production Model - Eppley) from the OC-CCI dataset,,,,,,,Monthly range,,,,,,seconds since 1970-01-01T00:00:00Z,1970-01-01T00:00:00Z,12 months,Productivity,,,PPD,daily primary production,VGPM2,Vertically Generalized Production Model - Eppley,"Behrenfeld_M. J. and P. G. Falkowski (1997). ""Photosynthetic rates derived from satellite-based chlorophyll concentration."" Limnology and Oceanography 42(1): 1-20; Eppley_R. W. (1972). ""Temperature and phytoplankton growth in the sea."" Fishery Bulletin 70(4): 1063-1085.",gcarbon/m^2/day,Ocean Color Climate Change Initiative,SeaWiFS-OrbView2, MERIS-ENVISAT, MODIS-Aqua, VIIRS-SNPP,dataset,OC-CCI,Ocean Colour Climate Change Initiative,Source of the level 3 merged data,http://www.esa-oceancolour-cci.org/,NA,L3,V6.0,20221101-20221105,MM,1672531200
OCCCI,PPD,VGPM2,2012,MAB,123319.52,12,0.8940823,4.32481E+13,43248118.76,43248.11876,,Monthly range PPD data (Vertically Generalized Production Model - Eppley) from the OC-CCI dataset,,,,,,,Monthly range,,,,,,seconds since 1970-01-01T00:00:00Z,1970-01-01T00:00:00Z,12 months,Productivity,,,PPD,daily primary production,VGPM2,Vertically Generalized Production Model - Eppley,"Behrenfeld_M. J. and P. G. Falkowski (1997). ""Photosynthetic rates derived from satellite-based chlorophyll concentration."" Limnology and Oceanography 42(1): 1-20; Eppley_R. W. (1972). ""Temperature and phytoplankton growth in the sea."" Fishery Bulletin 70(4): 1063-1085.",gcarbon/m^2/day,Ocean Color Climate Change Initiative,SeaWiFS-OrbView2, MERIS-ENVISAT, MODIS-Aqua, VIIRS-SNPP,dataset,OC-CCI,Ocean Colour Climate Change Initiative,Source of the level 3 merged data,http://www.esa-oceancolour-cci.org/,NA,L3,V6.0,20221101-20221105,MM,1672531200
OCCCI,PPD,VGPM2,2013,MAB,123319.52,12,0.8620332,4.19074E+13,41907418.23,41907.41823,,Monthly range PPD data (Vertically Generalized Production Model - Eppley) from the OC-CCI dataset,,,,,,,Monthly range,,,,,,seconds since 1970-01-01T00:00:00Z,1970-01-01T00:00:00Z,12 months,Productivity,,,PPD,daily primary production,VGPM2,Vertically Generalized Production Model - Eppley,"Behrenfeld_M. J. and P. G. Falkowski (1997). ""Photosynthetic rates derived from satellite-based chlorophyll concentration."" Limnology and Oceanography 42(1): 1-20; Eppley_R. W. (1972). ""Temperature and phytoplankton growth in the sea."" Fishery Bulletin 70(4): 1063-1085.",gcarbon/m^2/day,Ocean Color Climate Change Initiative,SeaWiFS-OrbView2, MERIS-ENVISAT, MODIS-Aqua, VIIRS-SNPP,dataset,OC-CCI,Ocean Colour Climate Change Initiative,Source of the level 3 merged data,http://www.esa-oceancolour-cci.org/,NA,L3,V6.0,20221101-20221105,MM,1672531200
OCCCI,PPD,VGPM2,2014,MAB,123319.52,12,0.7589848,3.74774E+13,37477385.99,37477.38599,,Monthly range PPD data (Vertically Generalized Production Model - Eppley) from the OC-CCI dataset,,,,,,,Monthly range,,,,,,seconds since 1970-01-01T00:00:00Z,1970-01-01T00:00:00Z,12 months,Productivity,,,PPD,daily primary production,VGPM2,Vertically Generalized Production Model - Eppley,"Behrenfeld_M. J. and P. G. Falkowski (1997). ""Photosynthetic rates derived from satellite-based chlorophyll concentration."" Limnology and Oceanography 42(1): 1-20; Eppley_R. W. (1972). ""Temperature and phytoplankton growth in the sea."" Fishery Bulletin 70(4): 1063-1085.",gcarbon/m^2/day,Ocean Color Climate Change Initiative,SeaWiFS-OrbView2, MERIS-ENVISAT, MODIS-Aqua, VIIRS-SNPP,dataset,OC-CCI,Ocean Colour Climate Change Initiative,Source of the level 3 merged data,http://www.esa-oceancolour-cci.org/,NA,L3,V6.0,20221101-20221105,MM,1672531200
OCCCI,PPD,VGPM2,2015,MAB,123319.52,12,0.8344345,4.265E+13,42649960.02,42649.96002,,Monthly range PPD data (Vertically Generalized Production Model - Eppley) from the OC-CCI dataset,,,,,,,Monthly range,,,,,,seconds since 1970-01-01T00:00:00Z,1970-01-01T00:00:00Z,12 months,Productivity,,,PPD,daily primary production,VGPM2,Vertically Generalized Production Model - Eppley,"Behrenfeld_M. J. and P. G. Falkowski (1997). ""Photosynthetic rates derived from satellite-based chlorophyll concentration."" Limnology and Oceanography 42(1): 1-20; Eppley_R. W. (1972). ""Temperature and phytoplankton growth in the sea."" Fishery Bulletin 70(4): 1063-1085.",gcarbon/m^2/day,Ocean Color Climate Change Initiative,SeaWiFS-OrbView2, MERIS-ENVISAT, MODIS-Aqua, VIIRS-SNPP,dataset,OC-CCI,Ocean Colour Climate Change Initiative,Source of the level 3 merged data,http://www.esa-oceancolour-cci.org/,NA,L3,V6.0,20221101-20221105,MM,1672531200
OCCCI,PPD,VGPM2,2016,MAB,123319.52,12,0.8614785,4.24824E+13,42482418.06,42482.41806,,Monthly range PPD data (Vertically Generalized Production Model - Eppley) from the OC-CCI dataset,,,,,,,Monthly range,,,,,,seconds since 1970-01-01T00:00:00Z,1970-01-01T00:00:00Z,12 months,Productivity,,,PPD,daily primary production,VGPM2,Vertically Generalized Production Model - Eppley,"Behrenfeld_M. J. and P. G. Falkowski (1997). ""Photosynthetic rates derived from satellite-based chlorophyll concentration."" Limnology and Oceanography 42(1): 1-20; Eppley_R. W. (1972). ""Temperature and phytoplankton growth in the sea."" Fishery Bulletin 70(4): 1063-1085.",gcarbon/m^2/day,Ocean Color Climate Change Initiative,SeaWiFS-OrbView2, MERIS-ENVISAT, MODIS-Aqua, VIIRS-SNPP,dataset,OC-CCI,Ocean Colour Climate Change Initiative,Source of the level 3 merged data,http://www.esa-oceancolour-cci.org/,NA,L3,V6.0,20221101-20221105,MM,1672531200
OCCCI,PPD,VGPM2,2017,MAB,123319.52,12,0.9075031,4.40886E+13,44088586.63,44088.58663,,Monthly range PPD data (Vertically Generalized Production Model - Eppley) from the OC-CCI dataset,,,,,,,Monthly range,,,,,,seconds since 1970-01-01T00:00:00Z,1970-01-01T00:00:00Z,12 months,Productivity,,,PPD,daily primary production,VGPM2,Vertically Generalized Production Model - Eppley,"Behrenfeld_M. J. and P. G. Falkowski (1997). ""Photosynthetic rates derived from satellite-based chlorophyll concentration."" Limnology and Oceanography 42(1): 1-20; Eppley_R. W. (1972). ""Temperature and phytoplankton growth in the sea."" Fishery Bulletin 70(4): 1063-1085.",gcarbon/m^2/day,Ocean Color Climate Change Initiative,SeaWiFS-OrbView2, MERIS-ENVISAT, MODIS-Aqua, VIIRS-SNPP,dataset,OC-CCI,Ocean Colour Climate Change Initiative,Source of the level 3 merged data,http://www.esa-oceancolour-cci.org/,NA,L3,V6.0,20221101-20221105,MM,1672531200
OCCCI,PPD,VGPM2,2018,MAB,123319.52,12,0.8433011,4.14387E+13,41438737.71,41438.73771,,Monthly range PPD data (Vertically Generalized Production Model - Eppley) from the OC-CCI dataset,,,,,,,Monthly range,,,,,,seconds since 1970-01-01T00:00:00Z,1970-01-01T00:00:00Z,12 months,Productivity,,,PPD,daily primary production,VGPM2,Vertically Generalized Production Model - Eppley,"Behrenfeld_M. J. and P. G. Falkowski (1997). ""Photosynthetic rates derived from satellite-based chlorophyll concentration."" Limnology and Oceanography 42(1): 1-20; Eppley_R. W. (1972). ""Temperature and phytoplankton growth in the sea."" Fishery Bulletin 70(4): 1063-1085.",gcarbon/m^2/day,Ocean Color Climate Change Initiative,SeaWiFS-OrbView2, MERIS-ENVISAT, MODIS-Aqua, VIIRS-SNPP,dataset,OC-CCI,Ocean Colour Climate Change Initiative,Source of the level 3 merged data,http://www.esa-oceancolour-cci.org/,NA,L3,V6.0,20221101-20221105,MM,1672531200
OCCCI,PPD,VGPM2,2019,MAB,123319.52,12,0.8757305,4.25724E+13,42572436.95,42572.43695,,Monthly range PPD data (Vertically Generalized Production Model - Eppley) from the OC-CCI dataset,,,,,,,Monthly range,,,,,,seconds since 1970-01-01T00:00:00Z,1970-01-01T00:00:00Z,12 months,Productivity,,,PPD,daily primary production,VGPM2,Vertically Generalized Production Model - Eppley,"Behrenfeld_M. J. and P. G. Falkowski (1997). ""Photosynthetic rates derived from satellite-based chlorophyll concentration."" Limnology and Oceanography 42(1): 1-20; Eppley_R. W. (1972). ""Temperature and phytoplankton growth in the sea."" Fishery Bulletin 70(4): 1063-1085.",gcarbon/m^2/day,Ocean Color Climate Change Initiative,SeaWiFS-OrbView2, MERIS-ENVISAT, MODIS-Aqua, VIIRS-SNPP,dataset,OC-CCI,Ocean Colour Climate Change Initiative,Source of the level 3 merged data,http://www.esa-oceancolour-cci.org/,NA,L3,V6.0,20221101-20221105,MM,1672531200
OCCCI,PPD,VGPM2,2020,MAB,123319.52,12,0.8080473,3.93946E+13,39394587.38,39394.58738,,Monthly range PPD data (Vertically Generalized Production Model - Eppley) from the OC-CCI dataset,,,,,,,Monthly range,,,,,,seconds since 1970-01-01T00:00:00Z,1970-01-01T00:00:00Z,12 months,Productivity,,,PPD,daily primary production,VGPM2,Vertically Generalized Production Model - Eppley,"Behrenfeld_M. J. and P. G. Falkowski (1997). ""Photosynthetic rates derived from satellite-based chlorophyll concentration."" Limnology and Oceanography 42(1): 1-20; Eppley_R. W. (1972). ""Temperature and phytoplankton growth in the sea."" Fishery Bulletin 70(4): 1063-1085.",gcarbon/m^2/day,Ocean Color Climate Change Initiative,SeaWiFS-OrbView2, MERIS-ENVISAT, MODIS-Aqua, VIIRS-SNPP,dataset,OC-CCI,Ocean Colour Climate Change Initiative,Source of the level 3 merged data,http://www.esa-oceancolour-cci.org/,NA,L3,V6.0,20221101-20221105,MM,1672531200
OCCCI,PPD,VGPM2,2021,MAB,123319.52,12,0.8108208,3.92985E+13,39298477.71,39298.47771,,Monthly range PPD data (Vertically Generalized Production Model - Eppley) from the OC-CCI dataset,,,,,,,Monthly range,,,,,,seconds since 1970-01-01T00:00:00Z,1970-01-01T00:00:00Z,12 months,Productivity,,,PPD,daily primary production,VGPM2,Vertically Generalized Production Model - Eppley,"Behrenfeld_M. J. and P. G. Falkowski (1997). ""Photosynthetic rates derived from satellite-based chlorophyll concentration."" Limnology and Oceanography 42(1): 1-20; Eppley_R. W. (1972). ""Temperature and phytoplankton growth in the sea."" Fishery Bulletin 70(4): 1063-1085.",gcarbon/m^2/day,Ocean Color Climate Change Initiative,SeaWiFS-OrbView2, MERIS-ENVISAT, MODIS-Aqua, VIIRS-SNPP,dataset,OC-CCI,Ocean Colour Climate Change Initiative,Source of the level 3 merged data,http://www.esa-oceancolour-cci.org/,NA,L3,V6.0,20221101-20221105,MM,1672531200
OCCCI,PPD,VGPM2,2022,MAB,123319.52,12,0.8814168,4.20275E+13,42027547.73,42027.54773,,Monthly range PPD data (Vertically Generalized Production Model - Eppley) from the OC-CCI dataset,,,,,,,Monthly range,,,,,,seconds since 1970-01-01T00:00:00Z,1970-01-01T00:00:00Z,12 months,Productivity,,,PPD,daily primary production,VGPM2,Vertically Generalized Production Model - Eppley,"Behrenfeld_M. J. and P. G. Falkowski (1997). ""Photosynthetic rates derived from satellite-based chlorophyll concentration."" Limnology and Oceanography 42(1): 1-20; Eppley_R. W. (1972). ""Temperature and phytoplankton growth in the sea."" Fishery Bulletin 70(4): 1063-1085.",gcarbon/m^2/day,Ocean Color Climate Change Initiative,SeaWiFS-OrbView2, MERIS-ENVISAT, MODIS-Aqua, VIIRS-SNPP,dataset,OC-CCI,Ocean Colour Climate Change Initiative,Source of the level 3 merged data,http://www.esa-oceancolour-cci.org/,NA,L3,V6.0,20221101-20221105,MM,1672531200
OCCCI,PPD,VGPM2,2023,MAB,123319.52,7,0.8098842,2.30342E+13,23034186.33,23034.18633,,Monthly range PPD data (Vertically Generalized Production Model - Eppley) from the OC-CCI dataset,,,,,,,Monthly range,,,,,,seconds since 1970-01-01T00:00:00Z,1970-01-01T00:00:00Z,12 months,Productivity,,,PPD,daily primary production,VGPM2,Vertically Generalized Production Model - Eppley,"Behrenfeld_M. J. and P. G. Falkowski (1997). ""Photosynthetic rates derived from satellite-based chlorophyll concentration."" Limnology and Oceanography 42(1): 1-20; Eppley_R. W. (1972). ""Temperature and phytoplankton growth in the sea."" Fishery Bulletin 70(4): 1063-1085.",gcarbon/m^2/day,Ocean Color Climate Change Initiative,SeaWiFS-OrbView2, MERIS-ENVISAT, MODIS-Aqua, VIIRS-SNPP,dataset,OC-CCI,Ocean Colour Climate Change Initiative,Source of the level 3 merged data,http://www.esa-oceancolour-cci.org/,NA,L3,V6.0,20221101-20221105,MM,1672531200
